{"cameraMode":{"drawMode":0,"name":"Shaded","section":"Shading Mode"},"sceneLighting":true,"audioPlay":false,"sceneViewState":{"m_AlwaysRefresh":false,"showFog":true,"showSkybox":true,"showFlares":true,"showImageEffects":true,"showParticleSystems":true,"showVisualEffectGraphs":true,"m_FxEnabled":true},"in2DMode":false,"pivot":{"x":11.032986640930176,"y":39.74999237060547,"z":-0.44309815764427187},"rotation":{"x":-0.20276254415512086,"y":-0.40918684005737307,"z":0.09380539506673813,"w":-0.884700357913971},"size":0.4597295820713043,"orthographic":false}