{"cameraMode":{"drawMode":0,"name":"Shaded","section":"Shading Mode"},"sceneLighting":true,"audioPlay":false,"sceneViewState":{"m_AlwaysRefresh":false,"showFog":true,"showSkybox":true,"showFlares":true,"showImageEffects":true,"showParticleSystems":true,"showVisualEffectGraphs":true,"m_FxEnabled":true},"in2DMode":false,"pivot":{"x":11.795921325683594,"y":2.3135604858398439,"z":1.9048161506652833},"rotation":{"x":0.05377240851521492,"y":0.2451949268579483,"z":-0.013624954037368298,"w":0.9678868055343628},"size":3.8292911052703859,"orthographic":false}