{"cameraMode":{"drawMode":0,"name":"Shaded","section":"Shading Mode"},"sceneLighting":true,"audioPlay":false,"sceneViewState":{"m_AlwaysRefresh":false,"showFog":true,"showSkybox":true,"showFlares":true,"showImageEffects":true,"showParticleSystems":true,"showVisualEffectGraphs":true,"m_FxEnabled":true},"in2DMode":false,"pivot":{"x":3.7885050773620607,"y":4.948754787445068,"z":9.883329391479493},"rotation":{"x":0.02234616130590439,"y":0.9549950957298279,"z":-0.07464837282896042,"w":0.2862689197063446},"size":0.011114695109426976,"orthographic":false}